date,klimastreik,klima,streik
2018-10-01,0,0,0
2018-10-04,0,0,0
2018-10-23,0,0,0
2018-09-30,0,0,0
2018-10-01,0,2,0
2018-10-02,0,0,0
2018-10-04,0,0,0
2018-10-05,0,0,0
2018-09-27,0,0,0
2018-10-02,0,1,0
2018-10-03,0,0,0
2018-10-04,0,0,0
2018-10-02,0,0,0
2018-10-03,0,2,0
2018-10-04,0,0,0
2018-10-09,0,0,0
2018-10-03,0,0,0
2018-10-04,0,2,0
2018-10-05,0,0,0
2018-10-09,0,0,0
2018-10-17,0,1,0
2018-12-18,0,0,0
2018-10-04,0,1,0
2018-10-05,0,1,0
2018-10-06,0,0,0
2018-10-12,0,1,0
2018-10-25,0,0,0
2018-10-05,0,0,0
2018-10-06,0,0,0
2018-10-07,0,0,0
2018-10-09,0,0,0
2018-11-15,0,0,0
2018-10-05,0,0,0
2018-10-07,0,0,1
2018-10-08,0,0,0
2019-07-29,0,0,0
2018-10-08,0,2,0
2018-10-09,0,0,0
2018-10-12,0,0,0
2018-10-08,0,0,0
2018-10-09,0,1,1
2018-10-10,0,0,0
2018-10-09,0,0,0
2018-10-10,0,2,1
2018-10-11,0,0,0
2018-10-15,0,0,0
2018-10-22,0,0,0
2018-12-13,0,0,0
2018-10-10,0,0,0
2018-10-11,0,1,0
2018-10-12,0,0,0
2018-10-15,0,0,0
2018-10-18,0,0,0
2018-10-11,0,0,0
2018-10-12,0,1,1
2018-10-13,0,0,0
2018-10-14,0,0,0
2018-10-17,0,0,0
2018-10-13,0,1,0
2018-10-14,0,0,0
2018-10-15,0,0,0
2018-11-15,0,0,0
2018-10-14,0,0,0
2018-10-15,0,0,0
2018-10-17,0,0,0
2019-04-02,0,0,0
2018-10-15,0,4,1
2018-10-16,0,0,0
2019-07-24,0,0,0
2018-10-16,0,1,1
2018-10-17,0,0,0
2018-11-28,0,0,0
2018-10-17,0,0,0
2018-10-18,0,1,0
2018-10-31,0,0,0
2018-10-17,0,0,0
2018-10-18,0,2,1
2018-10-19,0,0,0
2018-10-21,0,0,0
2018-11-02,0,0,0
2018-12-18,0,0,0
2023-07-24,0,0,0
2018-10-19,0,0,1
2018-10-20,0,0,0
2018-10-21,0,0,0
2018-10-19,0,0,0
2018-10-20,0,2,0
2018-10-21,0,0,0
2018-10-19,0,0,0
2018-10-21,0,0,0
2018-10-22,0,0,0
2018-10-25,0,0,0
2019-11-28,0,0,0
2018-10-21,0,0,0
2018-10-22,0,0,0
2018-10-23,0,0,0
2018-10-25,0,0,0
2018-10-22,0,0,0
2018-10-23,0,1,0
2018-10-24,0,0,0
2018-10-22,0,0,0
2018-10-23,0,0,0
2018-10-24,0,2,0
2018-10-25,0,1,0
2018-11-06,0,0,0
2019-10-30,0,0,0
2018-10-25,0,0,1
2018-10-26,0,0,0
2018-10-30,0,0,0
2018-11-05,0,0,0
2018-10-24,0,0,0
2018-10-25,0,0,0
2018-10-26,0,2,0
2018-10-27,0,0,0
2018-10-28,0,0,0
2018-10-30,0,0,0
2018-10-31,0,0,0
2018-11-16,0,0,0
2018-10-26,0,0,0
2018-10-27,0,3,0
2018-10-28,0,0,0
2018-10-26,0,0,0
2018-10-28,0,0,1
2018-10-29,0,0,0
2018-11-01,0,0,0
2018-10-29,0,0,0
2018-10-30,0,0,1
2018-10-31,0,0,0
2018-10-29,0,0,0
2018-10-30,0,3,0
2018-10-31,0,0,0
2018-11-01,0,0,0
2018-10-30,0,0,0
2018-10-31,0,0,0
2018-11-01,0,0,0
2018-10-31,0,1,0
2018-11-01,0,0,1
2018-11-02,0,0,0
2018-11-01,0,0,0
2018-11-02,0,1,0
2018-11-07,0,0,0
2018-11-14,0,0,0
2018-11-02,0,0,0
2018-11-03,0,1,0
2018-11-04,0,0,0
2018-11-06,0,0,0
2018-11-02,0,0,0
2018-11-04,0,0,0
2018-11-05,0,0,0
2018-11-15,0,0,0
2018-12-06,0,0,0
2018-11-02,0,0,0
2018-11-05,0,1,0
2018-11-06,0,0,0
2018-11-08,0,0,0
2018-11-26,0,0,0
2018-11-06,0,1,0
2018-11-07,0,0,0
2018-11-08,0,0,0
2018-12-03,0,0,0
2019-01-28,0,0,0
2019-06-12,0,0,0
2018-11-06,0,0,0
2018-11-07,0,0,1
2018-11-08,0,0,0
2018-11-09,0,0,0
2018-11-26,0,0,0
2018-11-07,0,0,0
2018-11-08,0,0,1
2018-11-09,0,0,0
2018-11-12,0,0,0
2023-07-18,0,0,0
2018-11-08,0,0,0
2018-11-09,0,0,0
2018-11-10,0,0,0
2018-11-19,0,0,0
2018-12-18,0,0,0
2018-11-10,0,2,0
2018-11-11,0,0,0
2020-01-07,0,0,0
2018-11-11,0,1,0
2018-11-12,0,0,0
2018-11-15,0,0,0
2018-11-16,0,0,0
2018-11-11,0,0,0
2018-11-12,0,0,0
2018-11-13,0,1,0
2019-01-09,0,0,0
2023-07-20,0,0,0
2018-11-13,0,5,0
2018-11-14,0,1,1
2018-11-22,0,0,0
2018-11-27,0,0,0
2018-11-13,0,0,0
2018-11-14,0,3,0
2018-11-15,0,0,0
2018-11-18,0,1,0
2018-11-27,0,0,0
2019-11-18,0,0,0
2018-11-15,0,1,0
2018-11-16,0,0,0
2018-11-19,0,0,0
2019-02-14,0,0,0
2018-11-16,0,2,1
2018-11-18,0,0,0
2018-11-21,0,0,0
2018-11-22,0,0,0
2018-11-17,0,0,0
2018-11-18,0,0,0
2018-11-18,0,1,0
2018-11-19,0,1,0
2018-11-21,0,0,0
2018-11-22,0,0,0
2018-11-15,0,0,0
2018-11-19,0,0,0
2018-11-20,0,0,0
2018-11-20,0,2,0
2018-11-21,0,0,0
2019-01-09,0,0,0
2018-11-20,0,0,0
2018-11-21,0,1,0
2018-11-22,0,0,0
2018-11-26,0,0,0
2018-11-21,0,0,0
2018-11-22,0,0,0
2018-11-23,0,0,0
2018-11-25,0,0,0
2018-11-28,0,0,0
2019-04-30,0,0,0
2018-11-22,0,0,0
2018-11-23,0,0,0
2018-11-24,0,0,0
2018-11-25,0,0,0
2018-11-29,0,0,0
2019-06-12,0,0,0
2018-11-24,0,0,0
2018-11-25,0,0,0
2018-11-25,0,0,0
2018-11-26,0,1,0
2018-11-27,0,0,0
2018-11-29,0,0,0
2019-01-09,0,0,0
2018-11-26,0,0,1
2018-11-27,0,0,0
2019-01-09,0,0,0
2019-12-13,0,0,0
2018-11-27,0,2,0
2018-11-28,0,0,0
2018-12-05,0,0,0
2018-11-27,0,0,0
2018-11-28,0,1,0
2018-11-29,0,0,0
2018-12-07,0,0,0
2018-11-28,0,0,0
2018-11-29,0,1,0
2018-11-30,0,0,0
2018-12-04,0,0,0
2023-06-06,0,0,0
2018-11-29,0,0,0
2018-11-30,0,2,0
2018-12-01,0,0,0
2018-12-02,0,0,0
2018-12-06,0,0,0
2018-12-01,0,3,1
2018-12-02,0,0,0
2018-12-18,0,0,0
2019-01-09,0,0,0
2018-12-02,0,3,0
2018-12-03,0,0,0
2018-12-10,0,0,0
2018-11-29,0,0,0
2018-12-03,0,3,0
2018-12-04,0,0,1
2019-01-16,0,0,0
2018-12-03,0,0,0
2018-12-04,0,3,0
2018-12-05,0,0,0
2018-12-06,0,0,0
2018-12-11,0,0,0
2018-12-04,0,0,0
2018-12-05,0,1,0
2018-12-06,0,1,0
2019-04-06,0,0,0
2018-12-05,0,0,0
2018-12-06,0,0,0
2018-12-07,0,1,0
2018-12-08,0,0,0
2018-12-10,0,0,0
2018-12-08,0,0,0
2018-12-09,0,0,0
2018-12-18,0,0,0
2018-12-07,0,0,0
2018-12-09,0,1,0
2018-12-10,0,0,0
2018-12-31,0,0,0
2018-12-10,0,3,0
2018-12-11,0,0,1
2018-12-12,0,0,0
2018-12-15,0,0,0
2018-12-11,0,2,0
2018-12-12,0,0,0
2018-12-16,0,0,0
2019-01-10,0,0,0
2018-12-10,0,0,0
2018-12-12,0,2,0
2018-12-13,0,0,0
2018-12-17,0,0,0
2018-12-12,0,0,0
2018-12-13,0,0,1
2018-12-14,0,0,0
2018-12-10,0,0,0
2018-12-14,0,0,0
2018-12-16,0,0,0
2018-12-17,0,0,0
2019-01-03,0,0,0
2018-12-15,0,0,0
2018-12-16,0,1,0
2018-12-16,0,1,1
2018-12-17,0,0,0
2018-12-20,0,0,0
2018-12-10,0,0,0
2018-12-17,0,2,0
2018-12-18,0,0,0
2019-02-11,0,0,0
2018-12-17,0,0,0
2018-12-18,0,0,0
2018-12-19,0,0,0
2019-01-18,0,0,0
2018-12-19,0,4,0
2018-12-20,0,0,0
2019-01-10,0,0,0
2018-12-19,0,0,0
2018-12-20,0,1,0
2018-12-21,0,0,0
2018-12-20,0,0,0
2018-12-21,1,2,2
2018-12-22,0,0,0
2018-12-24,0,0,0
2019-01-02,0,0,0
2018-12-22,0,1,0
2018-12-23,0,0,0
2018-12-26,0,0,0
2019-05-03,0,0,0
2018-12-23,0,0,0
2018-12-24,0,0,0
2018-12-21,0,0,0
2018-12-24,0,1,0
2018-12-25,0,0,0
2018-12-26,0,0,0
2018-12-27,0,0,0
2018-12-24,0,0,0
2018-12-25,0,0,0
2018-12-26,0,0,0
2018-12-24,0,0,0
2018-12-26,0,0,0
2018-12-27,0,0,0
2020-01-07,0,0,0
2018-12-26,0,0,0
2018-12-27,0,2,0
2018-12-28,0,0,0
2019-05-03,0,0,0
2018-12-28,0,2,0
2018-12-29,0,0,0
2019-01-07,0,0,0
2018-12-29,0,1,0
2018-12-30,0,0,0
2019-01-07,0,0,0
2018-12-30,0,0,0
2018-12-31,0,0,0
2019-01-01,0,0,0
2018-12-31,0,1,0
2019-01-01,0,0,0
2019-01-02,0,0,0
2019-01-01,0,0,0
2019-01-02,0,0,0
2019-01-03,0,0,0
2019-01-08,0,0,0
2019-01-11,0,0,0
2019-01-02,0,1,0
2019-01-03,0,0,0
2019-01-08,0,0,0
2019-01-03,0,1,0
2019-01-04,0,1,0
2019-01-11,0,0,0
2019-01-16,0,0,0
2019-02-06,0,0,0
2019-01-03,0,0,0
2019-01-04,0,2,0
2019-01-06,0,0,0
2019-01-07,0,0,0
2019-01-08,0,0,0
2019-06-12,0,0,0
2019-01-05,0,0,0
2019-01-06,0,0,0
2019-01-07,0,0,0
2019-01-09,0,0,0
2019-01-06,0,0,0
2019-01-07,0,0,0
2019-01-04,0,0,0
2019-01-07,0,0,0
2019-01-08,0,0,0
2019-02-06,0,0,0
2023-07-18,0,0,0
2019-01-08,0,0,0
2019-01-09,0,0,0
2019-01-10,0,0,0
2019-01-18,0,0,0
2019-03-10,0,0,0
2019-01-08,0,0,0
2019-01-09,0,0,0
2019-01-10,0,0,0
2019-01-11,0,0,0
2019-02-06,0,0,0
2019-06-12,0,0,0
2019-01-09,0,0,0
2019-01-10,0,0,1
2019-01-11,0,0,0
2019-01-15,0,0,0
2019-02-06,0,0,0
2021-07-19,0,0,0
2019-01-10,0,0,0
2019-01-11,1,3,2
2019-01-12,0,0,0
2019-01-14,0,0,0
2019-01-18,0,0,0
2019-02-06,0,0,0
2023-05-23,0,0,0
2019-01-12,0,0,1
2019-01-13,0,0,0
2019-02-06,0,0,0
2020-02-12,0,0,0
2019-01-13,0,1,0
2019-01-14,0,0,0
2019-01-16,0,0,0
2019-01-18,0,0,0
2019-01-13,0,0,0
2019-01-14,0,0,0
2019-01-15,0,0,0
2019-04-19,0,0,0
2020-02-12,0,0,0
2019-01-15,0,1,1
2019-01-16,0,0,0
2019-01-17,0,0,0
2019-01-28,0,0,0
2019-02-14,0,0,0
2020-02-12,0,0,0
2019-01-15,0,0,0
2019-01-16,0,1,0
2019-01-17,0,1,0
2019-01-24,0,0,0
2019-02-06,0,0,0
2019-03-14,0,0,0
2019-01-16,0,0,0
2019-01-17,0,2,0
2019-01-18,0,0,0
2019-01-17,0,0,0
2019-01-18,1,1,1
2019-01-19,0,0,0
2019-01-30,0,0,0
2020-02-12,0,0,0
2019-01-19,0,0,0
2019-01-20,0,0,0
2019-01-21,0,0,0
2019-02-06,0,0,0
2019-01-20,1,2,1
2019-01-21,0,0,0
2019-01-21,1,3,1
2019-01-22,0,0,0
2019-01-23,0,0,0
2019-01-26,0,0,0
2019-02-14,0,0,0
2023-07-26,0,0,0
2019-01-22,0,3,0
2019-01-23,0,0,0
2019-01-26,0,0,0
2019-11-10,0,0,0
2019-01-22,0,0,0
2019-01-23,0,3,1
2019-01-24,0,1,1
2019-01-30,0,0,0
2019-02-06,0,0,0
2019-03-10,0,0,0
2021-12-03,0,1,1
2019-01-24,0,0,0
2019-01-25,0,0,0
2019-03-10,0,0,0
2020-02-12,0,1,0
2019-01-25,0,5,3
2019-01-26,0,0,0
2019-01-28,0,0,0
2020-02-12,0,0,0
2019-01-26,0,1,0
2019-01-27,0,0,0
2019-01-28,0,0,0
2019-01-29,0,0,0
2019-01-27,0,1,0
2019-01-28,0,0,0
2019-01-29,0,0,0
2019-02-07,0,0,0
2019-01-25,0,0,0
2019-01-28,0,4,1
2019-01-29,0,0,0
2019-03-10,0,0,0
2021-11-08,0,0,0
2023-07-19,0,0,0
2019-01-29,1,3,1
2019-01-30,0,0,0
2019-01-31,0,0,0
2023-07-18,0,0,0
2023-07-21,0,0,0
2023-07-23,0,0,0
2023-07-26,0,1,0
2019-01-29,0,0,0
2019-01-30,2,3,3
2019-01-31,0,0,0
2019-02-06,0,0,0
2019-03-10,0,0,0
2023-04-12,0,0,0
2019-01-31,0,0,1
2019-02-01,0,1,0
2019-02-04,0,0,0
2019-02-07,0,0,0
2019-01-31,0,0,0
2019-02-01,0,1,0
2019-02-02,0,0,0
2019-02-04,0,0,0
2019-03-04,0,0,0
2019-03-10,0,1,0
2019-04-30,0,0,0
2019-02-02,1,2,1
2019-02-03,0,0,0
2019-02-04,0,0,0
2019-02-08,0,0,0
2019-02-03,0,0,0
2019-02-04,0,0,0
2019-03-04,0,0,0
2019-02-01,0,0,0
2019-02-04,1,3,2
2019-02-05,0,1,0
2019-02-07,0,0,0
2019-03-04,0,0,0
2019-07-02,0,0,0
2019-02-05,0,1,1
2019-02-06,0,1,0
2020-02-12,0,0,0
2019-02-05,0,0,0
2019-02-06,0,1,1
2019-02-07,0,1,0
2019-03-04,0,0,0
2020-02-12,0,0,0
2019-02-07,0,3,0
2019-02-08,0,0,0
2019-02-11,0,0,0
2019-02-12,0,0,0
2019-03-10,0,0,0
2019-02-08,1,1,1
2019-02-09,0,0,0
2019-02-12,0,0,0
2019-03-12,0,0,0
2019-10-30,0,0,0
2019-02-09,0,0,0
2019-02-10,0,0,0
2019-03-04,0,0,0
2020-02-16,0,0,0
2019-02-10,0,1,0
2019-02-11,0,0,0
2019-02-12,0,0,0
2019-03-04,0,0,0
2019-05-11,0,0,0
2019-02-08,0,0,0
2019-02-11,0,2,0
2019-02-12,0,0,0
2019-03-04,0,0,0
2019-03-10,0,0,0
2019-02-12,0,2,0
2019-02-13,0,0,0
2019-02-15,0,0,0
2019-03-04,0,0,0
2019-05-10,0,0,0
2019-02-12,0,0,0
2019-02-13,0,2,0
2019-02-14,0,1,0
2019-02-23,0,0,0
2019-03-04,0,0,0
2019-02-14,0,3,0
2019-02-15,0,0,0
2019-02-18,0,0,0
2019-03-04,0,0,0
2019-03-18,0,1,0
2019-02-15,0,1,1
2019-02-16,0,0,0
2019-02-19,0,0,0
2019-02-16,0,1,0
2019-02-17,0,0,0
2019-02-18,0,0,0
2019-03-04,0,0,0
2019-07-10,0,0,0
2019-02-17,0,0,0
2019-02-18,0,0,0
2019-02-21,0,0,0
2019-03-04,0,0,0
2019-02-18,1,3,1
2019-02-19,0,0,0
2019-02-20,0,0,0
2023-07-18,0,0,0
2019-02-19,0,0,0
2019-02-20,0,0,0
2019-02-21,0,0,0
2019-03-04,0,0,0
2019-05-09,0,0,0
2023-07-21,0,0,0
2019-02-20,1,1,1
2019-02-21,0,0,0
2019-02-25,0,0,0
2019-03-04,0,0,0
2023-07-17,0,0,0
2019-02-20,0,0,0
2019-02-21,0,4,0
2019-02-22,0,1,0
2019-03-04,0,0,0
2019-02-21,0,0,0
2019-02-22,0,1,0
2019-02-23,0,0,0
2019-03-04,0,0,0
2019-07-02,0,0,0
2019-02-23,0,3,1
2019-02-25,0,1,0
2019-02-24,0,0,0
2019-02-25,0,1,0
2019-03-04,0,0,0
2019-02-22,0,0,0
2019-02-24,0,0,0
2019-02-25,0,0,0
2019-02-26,0,0,0
2019-03-04,0,0,0
2019-03-10,0,0,0
2019-02-26,0,2,0
2019-02-27,0,2,0
2019-03-04,0,0,0
2020-02-12,0,1,0
2019-02-26,0,0,0
2019-02-27,0,3,0
2019-02-28,0,0,0
2019-03-03,0,0,0
2019-03-08,0,0,0
2020-02-12,0,0,0
2019-02-28,0,1,1
2019-03-01,0,0,0
2019-03-04,0,0,0
2019-03-05,0,0,0
2023-01-27,0,1,0
2019-02-28,0,0,0
2019-03-01,0,1,0
2019-03-02,0,0,0
2019-03-03,0,0,0
2019-02-28,0,0,0
2019-03-02,1,1,1
2019-03-03,0,0,0
2019-03-05,0,0,0
2019-04-15,0,0,0
2019-10-30,0,0,0
2019-03-03,0,1,0
2019-03-04,0,0,0
2019-03-03,0,0,0
2019-03-04,0,2,0
2019-03-05,0,0,0
2019-03-10,0,0,0
2019-03-04,0,0,0
2019-03-05,0,3,0
2019-03-06,0,0,0
2019-03-08,0,0,0
2020-02-12,0,0,0
2019-03-06,0,1,0
2019-03-07,0,0,0
2019-03-09,0,0,0
2019-03-11,0,0,0
2019-03-06,0,0,0
2019-03-07,0,3,0
2019-03-08,0,0,0
2019-03-12,0,0,0
2020-02-12,0,0,0
2019-03-08,0,2,0
2019-03-09,0,0,0
2019-03-11,0,0,0
2020-02-12,0,1,0
2019-03-09,0,0,1
2019-03-10,0,0,0
2019-03-12,0,0,0
2020-02-12,0,0,0
2019-03-10,0,0,0
2019-03-11,0,0,0
2019-03-10,0,0,0
2019-03-11,0,0,0
2019-03-12,0,0,0
2020-02-12,0,0,0
2019-03-12,1,4,1
2019-03-13,1,1,1
2019-03-14,0,0,0
2019-06-11,0,0,0
2020-02-12,0,0,0
2019-03-12,0,0,0
2019-03-13,0,0,0
2019-03-14,0,0,0
2019-03-15,0,0,0
2019-03-25,0,0,0
2019-03-29,0,0,0
2020-02-12,0,0,0
2019-03-13,0,0,0
2019-03-14,0,1,2
2019-03-15,0,1,0
2019-03-25,0,0,0
2019-03-14,0,0,0
2019-03-15,0,0,0
2019-03-16,0,0,0
2019-03-18,0,0,0
2020-02-12,0,0,0
2019-03-16,1,1,1
2019-03-17,0,0,0
2019-03-17,0,0,0
2019-03-18,0,0,0
2019-03-24,0,0,0
2019-06-03,0,0,0
2019-03-15,0,0,0
2019-03-18,1,1,1
2019-03-19,0,0,0
2019-03-27,0,0,0
2019-04-03,0,0,0
2019-05-17,0,0,0
2019-03-19,0,1,0
2019-03-20,0,0,0
2019-03-29,0,0,0
2019-03-19,0,0,0
2019-03-20,0,2,0
2019-03-21,0,0,0
2020-01-12,0,0,0
2019-03-21,1,4,2
2019-03-22,0,0,0
2019-03-21,0,0,0
2019-03-22,2,2,2
2019-03-23,0,0,0
2023-07-17,0,0,0
2019-03-23,0,0,0
2019-03-24,0,0,0
2019-03-28,0,0,0
2019-06-12,0,0,0
2019-03-22,0,0,0
2019-03-24,0,1,0
2019-03-25,0,0,0
2020-02-12,0,0,0
2019-03-24,0,0,0
2019-03-25,0,4,0
2019-03-26,0,0,0
2019-03-27,0,0,0
2019-04-09,0,0,0
2019-03-26,1,4,1
2019-03-27,0,0,0
2019-04-09,0,0,0
2019-03-26,0,0,0
2019-03-27,0,3,0
2019-03-28,0,0,0
2019-04-03,0,0,0
2019-03-27,0,0,0
2019-03-28,1,4,1
2019-03-29,0,0,0
2019-04-12,0,0,0
2020-02-12,0,0,0
2019-03-28,0,0,0
2019-03-29,1,2,2
2019-03-30,0,0,0
2019-04-06,0,0,0
2019-03-29,0,0,0
2019-03-30,0,2,0
2019-03-31,0,0,0
2019-04-01,0,0,0
2023-01-09,0,0,0
2019-03-31,0,2,1
2019-04-01,0,0,0
2019-04-01,0,4,0
2019-04-02,0,2,0
2019-04-03,0,0,0
2019-04-02,0,1,0
2019-04-03,0,0,0
2019-10-31,0,0,0
2019-04-02,0,0,0
2019-04-03,0,0,0
2019-04-04,0,0,0
2020-02-12,0,0,0
2019-04-03,0,0,0
2019-04-04,0,0,0
2019-04-05,0,0,0
2019-04-09,0,0,0
2020-03-17,0,0,0
2019-04-04,0,0,0
2019-04-05,1,2,1
2019-04-06,0,0,0
2019-04-07,0,0,0
2019-04-22,0,0,0
2019-04-06,0,2,2
2019-04-07,0,0,0
2019-04-08,0,0,0
2019-04-05,0,0,0
2019-04-07,2,2,2
2019-04-08,0,0,0
2019-04-10,0,0,0
2019-04-15,0,0,0
2019-05-14,0,0,0
2019-04-05,0,0,0
2019-04-08,1,1,2
2019-04-09,0,0,0
2019-04-11,0,0,0
2019-04-09,1,3,1
2019-04-10,0,0,0
2019-04-11,0,0,0
2020-02-12,0,0,0
2019-04-09,0,0,0
2019-04-10,0,2,0
2019-04-11,0,0,0
2019-04-24,0,0,0
2019-04-10,0,0,0
2019-04-11,0,3,0
2019-04-12,0,0,0
2019-04-13,0,0,0
2019-04-16,0,0,0
2020-02-12,0,0,0
2019-04-11,0,0,0
2019-04-12,0,1,0
2019-04-13,0,0,0
2019-04-15,0,0,0
2019-08-11,0,0,0
2020-02-12,0,0,0
2019-04-13,0,1,0
2019-04-14,0,0,0
2019-04-15,0,0,0
2019-04-11,0,0,0
2019-04-14,0,1,0
2019-04-15,0,0,0
2019-04-12,0,0,0
2019-04-15,0,3,1
2019-04-16,0,0,0
2019-06-25,0,0,0
2019-04-15,0,0,0
2019-04-16,0,3,0
2019-04-17,0,0,0
2019-04-24,0,0,0
2019-06-12,0,0,0
2020-02-12,0,0,0
2019-04-16,0,0,0
2019-04-17,0,5,2
2019-04-18,0,0,0
2019-04-22,0,1,0
2020-04-24,0,0,0
2019-04-17,0,0,0
2019-04-18,0,4,0
2019-04-19,0,0,0
2019-04-22,0,0,0
2023-07-20,0,0,0
2019-04-18,0,0,0
2019-04-19,0,2,0
2019-04-20,0,0,0
2019-04-22,0,0,0
2019-04-25,0,0,0
2019-04-20,0,2,1
2019-04-21,0,0,0
2019-04-23,0,0,0
2020-02-12,0,0,0
2019-04-21,0,1,0
2019-04-22,0,0,0
2019-04-23,0,0,0
2019-04-18,0,0,0
2019-04-22,0,0,0
2019-04-23,0,0,0
2019-04-24,0,0,0
2020-02-12,0,0,0
2019-04-23,1,2,1
2019-04-24,0,0,0
2019-10-30,0,0,0
2023-07-23,0,0,0
2019-04-23,0,0,0
2019-04-24,0,2,0
2019-04-25,0,0,0
2019-04-26,0,0,0
2019-05-09,0,0,0
2019-04-24,0,0,0
2019-04-25,0,3,0
2019-04-26,0,0,0
2019-04-29,0,0,0
2020-02-12,0,0,0
2019-04-26,0,2,0
2019-04-27,0,0,0
2019-05-06,0,0,0
2019-04-26,0,0,0
2019-04-27,0,0,0
2019-04-28,0,0,0
2019-04-26,0,0,0
2019-04-28,0,1,0
2019-04-29,0,0,0
2019-04-30,0,0,0
2019-04-28,0,0,0
2019-04-29,0,3,0
2019-04-30,0,0,0
2019-10-23,0,0,0
2019-04-30,0,0,1
2019-05-01,0,2,0
2019-05-02,0,1,0
2019-05-06,0,0,0
2019-05-30,0,0,0
2022-05-16,0,0,0
2019-04-30,0,0,0
2019-05-01,0,1,3
2019-05-02,0,0,0
2023-07-24,0,0,0
2019-05-02,0,3,1
2019-05-03,0,0,0
2019-05-20,0,0,0
2020-04-29,0,0,0
2019-05-02,0,0,0
2019-05-03,1,3,5
2020-02-12,0,0,0
2019-05-03,0,0,0
2019-05-04,0,0,0
2019-05-05,0,0,0
2019-05-21,0,0,0
2019-05-03,0,0,0
2019-05-05,2,3,2
2019-05-06,0,0,0
2023-07-18,0,0,0
2023-07-19,0,0,0
2023-07-20,0,0,0
2023-07-23,0,0,0
2019-05-06,0,2,0
2019-05-07,0,1,0
2019-05-12,0,0,1
2019-05-06,0,0,0
2019-05-07,0,1,0
2019-05-08,0,0,0
2019-06-18,0,0,0
2019-05-08,0,3,1
2019-05-09,0,0,0
2019-05-12,0,1,0
2019-05-08,0,0,0
2019-05-09,0,0,0
2019-05-10,0,0,0
2019-05-20,0,0,0
2019-05-10,0,2,1
2019-05-11,0,0,0
2019-05-14,0,0,0
2019-05-10,0,0,0
2019-05-11,0,2,3
2019-05-12,0,0,0
2019-05-15,0,0,0
2019-05-10,0,0,0
2019-05-12,0,0,1
2019-05-13,0,0,0
2019-05-15,0,0,0
2019-05-11,0,0,0
2019-05-13,0,1,0
2019-05-14,0,0,0
2019-05-15,0,0,0
2019-05-17,0,0,0
2019-11-28,0,0,0
2019-05-14,0,1,3
2019-05-15,0,0,0
2019-10-23,0,0,0
2019-05-14,0,0,0
2019-05-15,1,3,2
2019-05-16,0,0,0
2019-05-21,0,0,0
2020-04-29,0,0,0
2019-05-16,1,4,1
2019-05-17,0,1,0
2019-05-20,0,0,0
2019-07-10,0,0,0
2023-07-19,0,0,0
2019-05-17,1,1,1
2019-05-18,0,0,0
2019-05-19,0,0,0
2019-05-20,0,0,0
2019-05-17,0,0,0
2019-05-18,0,1,0
2019-05-19,0,0,0
2019-05-20,0,0,0
2019-05-24,0,0,0
2019-05-17,0,0,0
2019-05-19,0,3,0
2019-05-20,0,0,0
2019-06-23,0,0,0
2019-10-30,0,0,0
2019-05-17,0,0,0
2019-05-20,0,2,1
2019-05-21,0,0,0
2019-05-23,0,0,0
2020-02-12,0,0,0
2019-05-21,0,2,0
2019-05-22,0,1,0
2019-05-24,0,0,0
2019-06-11,0,0,0
2019-06-25,0,1,0
2019-05-21,0,0,0
2019-05-22,0,4,0
2019-05-23,1,1,1
2019-05-26,0,0,0
2023-06-30,0,0,0
2019-05-23,1,1,1
2019-05-24,0,0,0
2019-05-25,0,0,0
2021-04-19,0,0,0
2019-05-23,0,0,0
2019-05-24,0,0,1
2019-05-26,0,0,0
2019-06-18,0,0,0
2019-05-24,0,0,0
2019-05-25,0,2,0
2019-05-26,0,0,0
2019-05-24,0,0,0
2019-05-26,0,1,1
2019-05-27,0,0,0
2019-06-03,0,0,0
2019-05-26,0,0,0
2019-05-27,2,4,2
2019-05-28,0,0,1
2019-10-23,0,0,0
2023-07-17,0,0,0
2019-05-28,1,6,1
2019-05-29,0,0,1
2019-09-03,1,1,1
2019-05-28,0,0,0
2019-05-29,0,1,1
2019-05-30,0,0,0
2019-05-29,0,0,0
2019-05-30,0,0,0
2019-05-31,1,1,1
2019-07-31,0,0,0
2019-05-29,0,0,0
2019-05-31,1,3,1
2019-06-01,0,0,0
2020-02-12,0,0,0
2019-05-31,0,0,0
2019-06-01,0,2,1
2019-06-02,0,0,0
2019-05-31,0,0,0
2019-06-02,0,0,1
2019-06-03,0,0,0
2019-07-15,0,0,0
2019-05-31,0,0,0
2019-06-03,0,1,1
2019-06-04,0,0,1
2019-06-09,0,0,0
2019-12-10,0,0,0
2019-05-31,0,0,0
2019-06-04,0,1,4
2019-06-05,0,0,0
2019-06-18,0,0,0
2019-06-04,0,0,0
2019-06-05,0,0,0
2019-06-06,0,0,0
2019-06-05,0,0,0
2019-06-06,0,1,0
2019-06-07,0,0,0
2019-06-10,0,0,0
2020-04-28,0,0,0
2019-06-03,0,0,0
2019-06-06,0,0,0
2019-06-07,0,2,1
2019-06-10,0,0,0
2019-06-12,0,0,0
2019-06-27,0,1,0
2019-06-08,1,1,1
2019-06-14,0,0,0
2019-06-04,0,0,0
2019-06-07,0,0,0
2019-06-09,0,0,0
2019-06-10,0,0,0
2019-06-06,0,0,0
2019-06-10,0,3,0
2019-06-11,0,0,0
2019-06-13,0,0,0
2019-06-11,0,2,1
2019-06-12,0,0,0
2019-06-11,0,0,0
2019-06-12,0,1,2
2019-06-13,0,0,0
2019-06-23,0,0,0
2020-02-12,0,0,0
2023-07-26,0,0,0
2019-06-13,0,3,3
2019-06-14,0,0,0
2019-11-23,0,0,0
2023-07-18,0,0,0
2023-07-20,0,0,0
2023-07-21,0,0,0
2023-07-23,0,0,0
2019-06-14,0,4,5
2019-06-15,0,0,1
2019-06-17,0,0,0
2019-06-14,0,0,0
2019-06-15,0,0,1
2019-06-16,0,0,0
2020-02-12,0,0,0
2019-06-13,0,0,0
2019-06-16,0,0,3
2019-06-17,0,0,0
2019-06-18,0,1,1
2019-06-26,0,0,0
2023-07-24,0,0,0
2019-06-16,0,0,0
2019-06-17,0,2,0
2019-06-18,0,0,0
2019-06-20,0,0,0
2019-06-27,0,0,0
2019-06-18,0,1,3
2019-06-19,0,1,0
2019-06-20,0,0,0
2019-06-26,0,0,0
2019-06-17,0,0,0
2019-06-19,0,3,1
2019-06-20,0,0,0
2019-06-24,0,0,0
2019-06-26,0,0,0
2019-09-18,0,0,0
2020-04-28,0,0,0
2019-06-20,0,2,0
2019-06-21,0,0,0
2019-06-26,0,0,0
2019-06-20,0,0,0
2019-06-21,0,3,3
2019-06-26,0,0,0
2019-08-09,0,0,0
2019-06-21,0,0,0
2019-06-22,0,3,0
2019-06-23,0,0,0
2019-07-16,0,0,0
2019-06-21,0,0,0
2019-06-23,0,1,0
2019-06-24,0,0,0
2019-06-26,0,0,0
2019-07-02,0,0,0
2019-06-21,0,0,0
2019-06-24,0,2,1
2019-06-25,0,0,0
2019-07-01,0,0,0
2020-02-12,0,0,1
2019-06-25,0,6,1
2019-06-26,0,0,0
2019-06-28,0,0,0
2019-07-02,0,0,0
2020-02-12,0,1,0
2019-06-25,0,0,0
2019-06-26,0,2,0
2019-06-27,0,1,0
2019-06-28,0,0,0
2020-02-12,0,2,0
2019-06-26,0,0,0
2019-06-27,0,0,0
2019-06-28,0,0,0
2019-07-02,0,0,0
2020-02-12,0,0,0
2019-06-28,0,4,0
2019-06-29,0,0,0
2019-07-01,0,0,0
2019-07-02,0,0,0
2019-08-26,0,0,0
2023-07-23,0,0,0
2019-06-28,0,0,0
2019-06-29,0,3,0
2019-06-30,0,0,0
2019-07-02,0,0,0
2019-06-28,0,0,0
2019-06-30,0,2,0
2019-07-01,0,0,0
2019-07-02,0,0,0
2019-07-09,0,0,0
2019-07-01,0,1,0
2019-07-02,0,0,0
2019-07-05,0,1,0
2019-08-14,0,0,0
2019-07-02,0,2,0
2019-07-03,0,0,0
2019-07-12,0,1,0
2019-08-20,0,0,0
2023-07-26,0,0,0
2019-07-02,0,1,0
2019-07-03,0,5,0
2019-07-04,0,0,0
2019-07-04,0,4,0
2019-07-05,0,0,0
2019-07-09,0,0,0
2019-08-22,0,0,0
2019-07-03,0,0,0
2019-07-05,1,2,2
2019-07-06,0,0,0
2019-07-10,0,0,0
2020-01-13,0,0,0
2023-07-24,0,0,0
2019-07-06,0,0,0
2019-07-07,0,0,0
2019-07-09,0,0,0
2019-07-04,0,0,0
2019-07-07,0,0,0
2019-07-08,0,0,0
2019-07-09,0,0,0
2019-07-14,0,0,0
2019-07-07,0,0,0
2019-07-08,0,5,0
2019-07-09,0,0,0
2019-07-16,0,0,0
2019-10-30,0,0,0
2019-07-08,0,0,0
2019-07-09,0,4,4
2019-07-10,0,0,1
2019-07-28,0,0,0
2019-07-09,0,0,0
2019-07-10,0,2,1
2019-07-11,0,1,0
2019-07-12,0,0,0
2019-07-10,0,0,0
2019-07-11,0,2,0
2019-07-12,0,0,0
2019-07-11,0,0,0
2019-07-12,0,1,0
2019-07-13,0,0,0
2019-07-14,0,0,0
2019-07-15,0,0,0
2019-07-12,0,0,0
2019-07-13,0,1,1
2019-07-14,0,0,0
2019-07-15,0,0,0
2019-07-12,0,0,0
2019-07-14,0,3,0
2019-07-15,0,0,0
2019-07-16,0,0,0
2019-07-22,0,0,0
2019-07-15,0,1,0
2019-07-16,0,0,0
2020-02-12,0,0,0
2019-07-16,0,1,0
2019-07-17,0,0,0
2019-07-19,0,0,0
2019-10-18,0,0,0
2020-02-12,0,0,0
2019-07-16,0,1,0
2019-07-17,0,3,1
2019-07-18,0,1,0
2019-07-22,0,0,0
2019-07-25,0,0,0
2020-02-12,0,0,0
2019-07-16,0,0,0
2019-07-17,0,0,0
2019-07-18,0,3,0
2019-07-19,0,0,0
2019-07-22,0,0,0
2019-07-18,0,0,0
2019-07-19,0,2,0
2019-07-20,0,0,0
2019-07-21,0,0,0
2019-07-22,0,0,0
2019-08-02,0,0,0
2019-10-30,0,0,0
2019-07-19,0,0,0
2019-07-20,0,1,0
2019-07-21,0,0,0
2019-07-22,0,0,0
2019-07-18,0,0,0
2019-07-21,0,1,0
2019-07-22,0,0,0
2019-08-09,0,0,0
2023-07-19,0,0,0
2023-07-23,0,0,0
2019-07-21,0,0,0
2019-07-22,0,2,1
2019-07-23,0,0,0
2019-07-24,0,0,0
2019-09-02,0,0,0
2019-07-19,0,0,0
2019-07-23,0,1,0
2019-07-24,0,0,0
2020-02-12,0,1,0
2019-07-23,0,0,0
2019-07-24,0,3,0
2019-07-25,0,1,0
2019-07-29,0,0,0
2019-07-24,0,0,0
2019-07-25,0,1,0
2019-07-26,0,0,0
2019-07-29,0,0,0
2019-08-14,0,0,0
2019-07-25,0,0,0
2019-07-26,0,5,1
2019-07-27,0,0,0
2019-07-29,0,0,0
2019-08-08,0,0,0
2020-02-12,0,1,0
2019-07-26,0,0,0
2019-07-27,0,1,0
2019-07-28,0,0,0
2019-07-29,0,0,0
2019-07-31,0,0,0
2019-07-23,0,0,0
2019-07-26,0,0,0
2019-07-28,0,2,0
2019-07-29,0,1,0
2019-07-30,0,1,0
2019-07-31,0,0,0
2019-07-29,0,0,0
2019-07-30,0,0,0
2019-07-31,0,0,0
2023-07-21,0,0,0
2019-07-29,0,0,0
2019-07-30,0,3,0
2019-07-31,0,0,0
2019-08-01,0,0,0
2019-08-03,0,0,0
2019-07-30,0,1,0
2019-07-31,0,2,0
2019-08-01,0,2,0
2020-05-11,0,0,0
2019-07-30,0,0,0
2019-08-01,0,2,0
2019-08-02,0,0,0
2019-07-31,0,0,0
2019-08-02,0,3,1
2019-08-05,0,0,0
2019-08-07,0,0,0
2019-09-09,0,0,0
2019-08-03,0,2,0
2019-08-04,0,0,0
2019-08-05,0,0,0
2023-07-21,0,0,0
2019-07-31,0,0,0
2019-08-04,0,4,0
2019-08-05,0,0,0
2020-02-12,0,1,0
2019-08-05,1,2,2
2019-08-06,0,2,0
2019-08-07,0,0,0
2019-09-03,0,1,0
2019-08-06,0,0,1
2019-08-07,0,0,0
2019-08-10,0,0,0
2019-08-19,0,0,0
2019-08-07,0,0,0
2019-08-08,0,0,0
2019-08-10,0,0,0
2019-08-05,0,0,0
2019-08-07,0,0,0
2019-08-08,0,2,0
2019-08-09,0,1,0
2019-08-10,0,0,0
2019-08-14,0,0,0
2019-09-20,0,0,0
2019-08-09,0,3,0
2019-08-10,0,0,0
2019-08-14,0,0,0
2019-10-30,0,0,0
2019-08-09,0,0,0
2019-08-10,0,1,1
2019-08-11,0,0,0
2019-08-09,0,0,0
2019-08-11,0,2,0
2019-08-12,0,0,0
2019-09-02,0,0,0
2019-08-12,0,4,0
2019-08-13,0,1,0
2019-08-19,0,0,0
2019-08-12,0,0,0
2019-08-13,0,5,1
2019-08-14,0,1,0
2020-01-16,0,0,0
2021-01-04,0,0,0
2019-08-13,0,0,0
2019-08-14,0,1,0
2019-08-15,0,0,0
2019-08-21,0,0,0
2019-08-14,0,0,0
2019-08-15,1,6,1
2019-08-16,0,0,0
2019-08-25,0,0,0
2019-08-13,0,0,0
2019-08-16,0,4,0
2019-08-17,0,0,0
2019-08-19,0,0,0
2019-08-20,0,0,0
2019-08-22,0,0,0
2020-02-12,0,1,0
2019-08-16,0,0,0
2019-08-17,0,0,0
2019-08-18,0,0,0
2019-09-20,0,0,0
2020-02-12,0,0,0
2019-08-16,0,0,0
2019-08-18,0,0,0
2019-08-20,0,0,0
2020-02-12,0,0,0
2019-08-19,0,5,0
2019-08-20,0,0,0
2019-08-21,0,0,0
2019-09-03,0,0,0
2019-09-30,0,0,0
2019-08-19,0,0,0
2019-08-20,0,1,0
2019-08-21,0,0,0
2019-08-24,0,0,0
2019-12-01,0,1,0
2019-08-21,0,5,0
2019-08-22,0,0,0
2019-08-26,0,0,0
2019-08-21,0,0,0
2019-08-22,0,3,1
2019-08-23,0,0,0
2019-08-24,0,0,0
2019-08-26,0,0,0
2019-08-23,2,8,2
2019-08-24,0,0,0
2019-08-25,0,0,0
2019-08-26,0,0,0
2019-09-02,0,0,0
2019-10-02,0,0,0
2019-08-23,0,0,0
2019-08-24,0,1,0
2019-08-25,0,0,0
2019-08-26,0,0,0
2019-08-23,0,0,0
2019-08-25,0,2,0
2019-08-26,0,0,0
2019-08-26,0,2,0
2019-08-27,0,0,0
2019-09-04,0,0,0
2019-08-26,0,0,0
2019-08-27,0,2,0
2019-08-28,0,2,0
2019-09-03,0,0,0
2019-08-27,0,0,0
2019-08-28,1,4,1
2019-08-29,0,2,2
2019-09-03,0,0,0
2023-07-20,0,0,0
2019-08-28,0,1,0
2019-08-29,0,2,0
2019-08-30,0,0,1
2019-09-03,1,1,1
2019-08-29,0,0,0
2019-08-30,0,1,0
2019-08-31,0,1,1
2019-09-02,0,0,0
2019-09-06,0,0,0
2019-08-29,0,0,0
2019-08-31,0,1,1
2019-09-01,0,0,1
2019-08-29,0,0,0
2019-09-01,0,1,0
2019-09-02,0,0,0
2019-09-04,0,0,0
2019-09-01,0,0,0
2019-09-02,0,3,0
2019-09-03,0,0,0
2019-09-04,0,0,0
2019-08-30,0,0,0
2019-09-02,0,0,0
2019-09-03,0,1,1
2019-09-04,0,0,0
2019-10-30,0,0,0
2023-07-23,0,0,0
2019-09-03,0,0,0
2019-09-04,0,2,1
2019-09-05,0,0,0
2020-02-02,0,0,0
2019-09-04,0,0,0
2019-09-05,0,2,0
2019-09-06,0,0,0
2019-09-08,0,0,0
2023-07-16,0,0,0
2019-09-05,0,0,0
2019-09-06,0,0,0
2019-09-08,0,0,0
2019-09-10,0,0,0
2019-09-06,0,0,0
2019-09-07,0,1,1
2019-09-08,0,0,0
2019-09-09,0,0,0
2019-09-10,0,0,0
2019-09-06,0,0,0
2019-09-08,0,1,0
2019-09-09,0,0,0
2019-09-10,0,0,0
2019-10-30,0,0,0
2019-09-09,0,1,1
2019-09-10,0,0,0
2019-10-30,0,0,0
2019-09-09,0,0,0
2019-09-10,1,5,1
2019-09-11,0,0,0
2020-02-12,0,0,0
2019-09-09,0,0,0
2019-09-11,0,1,1
2019-09-12,0,0,0
2019-12-18,0,0,0
2019-09-11,0,0,0
2019-09-12,0,2,1
2019-09-13,0,0,0
2019-11-23,0,0,0
2020-02-12,0,0,0
2019-09-09,0,0,0
2019-09-13,0,0,2
2019-09-14,0,1,1
2019-09-16,0,0,0
2019-10-17,0,1,0
2019-09-14,0,1,0
2019-09-15,0,0,0
2019-09-17,0,0,0
2019-10-23,0,0,0
2019-10-30,0,0,0
2019-09-13,0,0,0
2019-09-15,0,1,2
2019-09-16,0,0,0
2019-12-18,0,1,0
2019-09-11,0,0,0
2019-09-16,0,1,1
2019-09-17,1,1,1
2019-10-30,0,0,0
2019-12-18,0,0,0
2023-07-24,0,0,0
2019-09-17,0,2,0
2019-09-18,0,1,0
2019-09-18,1,4,1
2019-09-19,0,1,0
2019-09-23,0,0,0
2019-10-30,0,0,0
2019-09-18,0,0,0
2019-09-19,1,5,1
2019-09-20,0,0,0
2019-09-25,0,0,0
2019-12-18,0,0,0
2020-02-12,0,0,0
2019-09-17,0,0,0
2019-09-20,0,1,2
2019-09-21,0,0,0
2019-10-08,0,0,0
2019-10-30,0,0,0
2020-02-12,0,1,0
2019-09-21,0,2,0
2019-09-22,0,0,0
2019-09-23,0,0,0
2019-10-30,0,0,0
2019-12-18,0,0,0
2019-09-20,0,0,0
2019-09-22,0,0,0
2019-09-23,0,0,0
2019-09-28,0,0,0
2019-09-19,0,0,0
2019-09-22,0,0,0
2019-09-23,0,3,1
2019-09-24,0,1,0
2019-10-30,0,0,0
2019-11-26,0,0,0
2020-01-22,0,0,0
2020-02-12,0,0,0
2019-09-24,0,3,0
2019-09-25,0,3,0
2019-09-27,0,0,0
2019-10-23,0,0,0
2019-10-30,0,0,0
2019-12-18,0,0,0
2019-09-24,0,0,0
2019-09-25,0,5,0
2019-09-26,0,0,0
2019-10-30,0,0,0
2019-12-18,0,0,0
2023-07-21,0,1,0
2019-09-25,0,1,0
2019-09-26,0,1,0
2019-09-27,0,0,0
2019-10-30,0,0,0
2019-12-18,1,1,1
2019-09-24,0,0,0
2019-09-27,1,3,2
2019-09-28,0,0,0
2019-10-15,0,1,0
2019-10-30,0,0,0
2019-09-27,0,0,0
2019-09-28,0,0,0
2019-09-29,0,1,0
2019-09-30,0,1,0
2019-10-30,0,0,0
2020-09-26,0,0,0
2019-09-27,0,0,0
2019-09-29,0,2,0
2019-09-30,0,1,0
2019-10-02,0,0,0
2019-10-23,0,0,0
2019-09-27,0,0,0
2019-09-30,1,1,2
2019-10-01,0,0,0
2019-10-02,0,0,0
2019-10-30,0,1,0
2020-02-12,0,2,0
2019-09-30,0,0,0
2019-10-01,0,2,0
2019-10-02,0,1,0
2019-10-30,0,0,0
2019-09-27,0,0,0
2019-10-01,0,1,0
2019-10-02,0,2,0
2019-10-03,0,0,0
2019-10-04,0,0,0
2019-10-10,0,0,0
2019-12-18,0,0,0
2020-04-28,0,0,0
2019-10-02,0,0,0
2019-10-03,0,0,0
2019-10-04,0,1,0
2019-10-30,0,1,0
2019-09-27,0,1,0
2019-10-03,0,0,0
2019-10-04,0,3,0
2019-10-05,0,0,0
2019-10-10,0,0,0
2019-10-30,0,0,0
2019-12-18,0,2,0
2019-10-05,0,2,1
2019-10-06,0,1,0
2019-12-02,0,0,0
2019-10-04,0,0,0
2019-10-06,0,3,0
2019-10-07,0,0,0
2019-10-30,0,0,0
2019-10-06,0,0,0
2019-10-07,0,1,0
2019-10-08,0,1,0
2019-10-23,0,0,0
2019-10-30,0,0,0
2019-12-18,0,0,0
2019-10-08,0,2,1
2019-10-09,0,0,1
2019-10-30,0,0,0
2020-02-12,0,0,0
2019-10-08,0,0,0
2019-10-09,0,0,0
2019-10-10,0,2,0
2019-10-11,0,0,0
2019-10-30,0,0,0
2019-12-18,0,0,0
2019-10-10,0,2,1
2019-10-11,0,1,0
2019-12-18,0,0,0
2023-07-18,0,0,0
2023-07-19,0,0,0
2023-07-20,0,0,0
2023-07-24,0,0,0
2019-10-10,0,1,0
2019-10-11,0,1,0
2019-10-12,0,0,0
2019-10-13,0,0,0
2019-10-30,0,0,0
2019-12-18,0,0,0
2023-07-18,0,0,0
2019-10-11,0,0,0
2019-10-12,0,0,0
2019-10-13,0,0,0
2019-10-30,0,0,0
2020-02-12,0,0,0
2019-10-13,0,2,0
2019-10-14,0,0,0
2019-10-30,0,0,0
2019-10-13,0,0,0
2019-10-14,0,0,0
2019-10-15,0,0,0
2019-10-17,1,1,1
2019-10-30,0,0,0
2019-12-18,0,0,0
2019-10-14,0,0,0
2019-10-15,1,1,1
2019-10-16,0,0,0
2019-10-17,0,0,0
2019-10-30,0,0,0
2019-12-18,0,0,0
2020-05-27,0,1,0
2019-10-15,0,0,0
2019-10-16,0,1,0
2019-10-17,0,0,0
2019-10-30,0,0,0
2020-02-12,0,0,0
2019-10-17,0,2,0
2019-10-18,0,0,0
2019-10-30,0,0,0
2020-02-12,0,0,0
2019-10-18,0,1,2
2019-10-21,0,0,0
2019-10-30,0,0,0
2020-02-12,0,0,0
2019-10-18,0,0,0
2019-10-19,0,1,1
2019-10-20,0,0,0
2019-10-30,0,0,0
2019-12-18,0,0,0
2019-10-18,0,0,0
2019-10-20,1,3,1
2019-10-21,0,0,0
2019-10-27,0,0,0
2019-12-18,0,0,0
2019-10-20,0,0,0
2019-10-21,2,4,2
2019-10-22,0,0,0
2019-10-30,0,0,0
2019-12-18,0,0,0
2019-10-22,0,3,0
2019-10-23,0,0,0
2019-10-30,0,0,0
2019-12-18,0,0,0
2019-10-21,0,0,0
2019-10-22,0,0,0
2019-10-23,0,1,0
2019-10-24,0,0,0
2019-10-26,0,0,0
2019-10-30,0,0,0
2019-12-18,0,1,0
2020-05-27,0,0,0
2019-10-24,0,1,2
2019-10-25,0,0,0
2019-10-30,0,0,0
2019-10-31,0,0,0
2019-12-31,0,0,0
2019-10-22,0,0,0
2019-10-25,1,4,2
2019-10-26,0,0,0
2019-10-27,0,0,0
2019-10-30,0,0,0
2019-10-26,0,1,0
2019-10-27,0,0,0
2019-10-28,0,0,0
2019-10-30,0,0,0
2019-10-27,0,1,1
2019-10-28,0,1,0
2019-10-29,0,0,0
2019-10-30,0,0,0
2019-10-27,0,0,0
2019-10-28,0,3,0
2019-10-29,0,1,1
2019-10-30,0,0,0
2019-10-28,0,0,0
2019-10-29,0,2,0
2019-10-30,0,0,0
2019-11-04,0,0,0
2019-12-18,0,0,0
2023-07-18,0,0,0
2019-10-30,0,2,0
2019-10-31,0,0,0
2019-12-18,0,0,0
2020-04-28,0,0,0
2019-10-31,0,2,0
2019-11-01,0,0,0
2019-12-18,0,0,0
2019-10-31,0,0,0
2019-11-01,0,4,0
2019-11-11,0,0,0
2019-12-18,0,0,0
2023-07-21,0,0,0
2019-11-02,0,1,0
2019-11-03,0,0,0
2019-11-04,0,0,0
2019-11-01,0,0,0
2019-11-03,0,1,0
2019-11-04,0,0,0
2019-12-18,0,0,0
2019-11-03,0,0,0
2019-11-04,0,0,1
2019-11-05,0,2,1
2019-11-29,0,0,0
2019-12-18,0,0,0
2020-02-12,0,0,0
2019-10-30,0,0,0
2019-11-05,0,3,1
2019-11-06,0,0,0
2019-11-08,0,0,0
2019-12-18,0,0,0
2019-11-06,0,2,1
2019-11-07,0,0,0
2019-11-29,0,0,0
2019-12-18,0,0,0
2019-11-06,0,0,0
2019-11-07,0,3,1
2019-11-08,0,0,0
2020-01-06,0,0,0
2020-05-27,0,0,0
2019-11-08,0,1,0
2019-11-09,0,1,0
2019-11-19,0,1,1
2023-07-26,0,0,0
2019-11-09,0,1,0
2019-11-10,0,0,0
2019-12-10,0,0,0
2019-11-10,0,1,0
2019-11-11,0,0,0
2019-11-10,0,0,0
2019-11-11,0,4,0
2019-11-12,0,0,0
2019-11-11,0,0,0
2019-11-12,1,5,1
2019-11-13,0,0,0
2019-11-19,0,0,0
2020-01-13,0,0,0
2019-11-12,0,0,0
2019-11-13,2,6,3
2019-11-14,0,0,0
2019-11-18,0,0,0
2019-11-13,0,0,0
2019-11-14,0,0,0
2019-11-15,0,1,0
2020-01-13,0,0,0
2019-11-14,0,0,0
2019-11-15,0,0,0
2019-11-18,0,0,0
2019-12-18,0,0,0
2019-11-16,0,2,0
2019-11-18,0,0,1
2019-11-17,0,2,0
2019-11-18,0,0,0
2019-11-14,0,0,0
2019-11-18,1,3,1
2019-11-19,0,0,0
2019-12-18,0,0,0
2020-04-28,0,1,0
2019-11-19,0,4,0
2019-11-20,0,0,0
2019-11-21,0,0,0
2019-12-18,0,0,0
2019-11-19,0,0,0
2019-11-20,0,2,0
2019-11-21,0,1,0
2019-11-22,0,0,0
2019-12-18,0,0,0
2020-03-04,0,0,0
2019-11-21,0,2,0
2019-11-22,0,0,0
2019-11-18,0,0,0
2019-11-21,0,0,0
2019-11-22,0,2,0
2019-11-23,0,0,0
2019-11-24,0,0,0
2019-11-21,0,0,0
2019-11-23,0,0,1
2019-11-24,0,1,0
2019-11-26,0,0,0
2019-12-18,0,0,0
2019-11-24,0,3,1
2019-11-25,0,0,0
2019-12-18,0,0,0
2019-11-24,0,0,0
2019-11-25,0,5,0
2019-11-26,0,0,0
2019-11-26,0,2,0
2019-11-27,1,1,2
2019-12-03,0,0,0
2019-11-25,0,0,0
2019-11-27,1,3,1
2019-11-28,0,0,0
2019-12-10,0,0,0
2019-12-12,0,0,0
2019-11-28,0,2,0
2019-11-29,0,0,0
2019-12-01,0,0,0
2019-12-11,0,0,0
2020-02-19,0,0,0
2019-11-28,0,0,0
2019-11-29,0,2,1
2019-11-30,0,0,0
2019-11-30,0,0,0
2019-12-01,0,0,0
2019-12-02,0,0,0
2020-02-19,0,1,0
2019-11-29,0,0,0
2019-12-01,0,1,0
2019-12-02,1,4,1
2019-12-03,0,0,0
2019-12-03,1,2,1
2019-12-04,0,0,0
2019-12-03,0,0,0
2019-12-04,0,4,0
2019-12-05,0,1,0
2019-12-18,0,0,0
2019-12-04,0,0,0
2019-12-05,0,3,0
2019-12-06,0,0,1
2019-12-18,0,0,0
2019-12-04,0,0,0
2019-12-06,0,1,1
2019-12-07,0,1,1
2020-02-19,0,0,0
2019-12-06,0,0,0
2019-12-07,0,1,0
2019-12-08,0,0,0
2023-07-21,0,0,0
2019-12-06,0,0,0
2019-12-08,0,0,0
2019-12-09,0,0,0
2019-12-09,0,1,1
2019-12-10,0,0,0
2019-12-09,0,0,0
2019-12-10,0,3,2
2019-12-11,0,1,0
2020-01-07,0,1,0
2019-12-10,0,0,0
2019-12-11,0,6,2
2019-12-12,0,0,0
2019-12-18,0,0,0
2020-02-11,0,0,0
2023-07-21,0,0,0
2019-12-11,0,0,0
2019-12-12,0,3,0
2019-12-13,0,0,0
2019-12-18,0,0,0
2020-01-03,0,0,0
2023-07-18,0,0,0
2019-12-11,0,0,0
2019-12-13,0,2,0
2019-12-14,0,0,0
2019-12-18,0,0,0
2020-02-12,0,0,0
2019-12-13,0,0,0
2019-12-14,0,0,0
2019-12-15,0,0,0
2019-12-16,0,0,0
2019-12-22,0,1,0
2019-12-13,0,0,0
2019-12-15,0,3,0
2019-12-16,0,0,0
2019-12-16,0,1,0
2019-12-17,0,0,0
2020-02-19,0,0,0
2019-12-16,0,0,0
2019-12-17,0,0,0
2019-12-18,0,0,0
2020-01-13,0,0,0
2019-12-17,0,0,0
2019-12-18,0,1,0
2019-12-19,0,0,0
2023-07-21,0,0,0
2019-12-19,0,1,0
2019-12-20,0,0,0
2020-02-01,0,0,0
2019-12-20,1,5,1
2019-12-21,0,0,0
2019-12-31,0,0,0
2020-01-07,0,0,0
2019-12-20,0,0,0
2019-12-21,0,2,0
2019-12-22,0,3,0
2019-12-23,0,0,0
2023-07-26,0,0,0
2019-12-23,0,3,2
2019-12-24,0,0,0
2019-12-23,0,0,0
2019-12-24,0,2,0
2019-12-25,0,0,0
2019-12-29,0,0,0
2020-02-12,0,0,0
2019-12-24,0,0,0
2019-12-25,0,0,0
2019-12-26,0,0,0
2019-12-29,0,0,0
2019-12-24,0,0,0
2019-12-26,0,2,0
2019-12-27,0,0,0
2019-12-31,0,0,0
2019-12-23,0,0,0
2019-12-27,0,1,0
2020-02-12,0,0,0
2020-03-13,0,0,0
2019-12-28,0,0,0
2019-12-29,0,0,0
2019-12-29,0,1,0
2019-12-30,0,0,0
2020-02-19,0,0,0
2019-12-27,0,0,0
2019-12-30,1,3,2
2019-12-31,0,0,0
2020-01-07,0,0,0
2023-07-24,0,0,0
2019-12-27,0,0,0
2019-12-31,0,4,1
